Login form,TARGET_COMPONENT
Registration form,TARGET_COMPONENT
Search form,TARGET_COMPONENT
Contact form,TARGET_COMPONENT
Cookie,TARGET_COMPONENT
Session,TARGET_COMPONENT
Application Programming Interface,TARGET_COMPONENT
API,TARGET_COMPONENT
REST API,TARGET_COMPONENT
GraphQL API,TARGET_COMPONENT
JSON API,TARGET_COMPONENT
SOAP API,TARGET_COMPONENT
XML-RPC API,TARGET_COMPONENT
Uniform Resource Locator,TARGET_COMPONENT
URL,TARGET_COMPONENT
Endpoint,TARGET_COMPONENT
User input field,TARGET_COMPONENT
File upload,TARGET_COMPONENT
File download,TARGET_COMPONENT
Database,TARGET_COMPONENT
SQL database,TARGET_COMPONENT
NoSQL database,TARGET_COMPONENT
Web server,TARGET_COMPONENT
Application server,TARGET_COMPONENT
Mail server,TARGET_COMPONENT
DNS server,TARGET_COMPONENT
Reverse proxy,TARGET_COMPONENT
Content Management System,TARGET_COMPONENT
CMS,TARGET_COMPONENT
Web application framework,TARGET_COMPONENT
JavaScript library,TARGET_COMPONENT
JavaScript framework,TARGET_COMPONENT
PHP script,TARGET_COMPONENT
HTML document,TARGET_COMPONENT
CSS file,TARGET_COMPONENT
JavaScript file,TARGET_COMPONENT
Image file,TARGET_COMPONENT
Audio file,TARGET_COMPONENT
Video file,TARGET_COMPONENT
Web storage,TARGET_COMPONENT
Local storage,TARGET_COMPONENT
Session storage,TARGET_COMPONENT
Cache,TARGET_COMPONENT
HTTP header,TARGET_COMPONENT
User agent,TARGET_COMPONENT
Referrer,TARGET_COMPONENT
IP address,TARGET_COMPONENT
Domain name,TARGET_COMPONENT
Subdomain,TARGET_COMPONENT
Port,TARGET_COMPONENT
SSL/TLS certificate,TARGET_COMPONENT
SSL certificate,TARGET_COMPONENT
TLS certificate,TARGET_COMPONENT
Encryption key,TARGET_COMPONENT
API key,TARGET_COMPONENT
OAuth token,TARGET_COMPONENT
CAPTCHA,TARGET_COMPONENT
WebSocket,TARGET_COMPONENT
Server configuration file,TARGET_COMPONENT
Flask module,TARGET_COMPONENT
Redis,TARGET_COMPONENT
Accept-Language header,TARGET_COMPONENT
User-Agent header,TARGET_COMPONENT
Referer header,TARGET_COMPONENT
Host header,TARGET_COMPONENT
Content-Type header,TARGET_COMPONENT
