CVE-2023,COMMON_VULNERABILITIES_AND_EXPOSURES
CVE-2022,COMMON_VULNERABILITIES_AND_EXPOSURES
CVE-2021,COMMON_VULNERABILITIES_AND_EXPOSURES
CVE-2020,COMMON_VULNERABILITIES_AND_EXPOSURES
CVE-2019,COMMON_VULNERABILITIES_AND_EXPOSURES
CVE-2018,COMMON_VULNERABILITIES_AND_EXPOSURES
CVE-2017,COMMON_VULNERABILITIES_AND_EXPOSURES
CVE-2016,COMMON_VULNERABILITIES_AND_EXPOSURES
CVE-2015,COMMON_VULNERABILITIES_AND_EXPOSURES
CVE-2014,COMMON_VULNERABILITIES_AND_EXPOSURES
CVE-2013,COMMON_VULNERABILITIES_AND_EXPOSURES
CVE-2012,COMMON_VULNERABILITIES_AND_EXPOSURES
CVE-2011,COMMON_VULNERABILITIES_AND_EXPOSURES
CVE-2010,COMMON_VULNERABILITIES_AND_EXPOSURES
CVE-2009,COMMON_VULNERABILITIES_AND_EXPOSURES
CVE-2008,COMMON_VULNERABILITIES_AND_EXPOSURES
CVE-2007,COMMON_VULNERABILITIES_AND_EXPOSURES
CVE-2006,COMMON_VULNERABILITIES_AND_EXPOSURES
CVE-2005,COMMON_VULNERABILITIES_AND_EXPOSURES
CVE-2004,COMMON_VULNERABILITIES_AND_EXPOSURES
CVE-2003,COMMON_VULNERABILITIES_AND_EXPOSURES
CVE-2002,COMMON_VULNERABILITIES_AND_EXPOSURES
CVE-2001,COMMON_VULNERABILITIES_AND_EXPOSURES
CVE-2000,COMMON_VULNERABILITIES_AND_EXPOSURES
CVE-1999,COMMON_VULNERABILITIES_AND_EXPOSURES
