Input sanitization,MITIGATION_STRATEGY
Input validation,MITIGATION_STRATEGY
Output escaping,MITIGATION_STRATEGY
Output encoding,MITIGATION_STRATEGY
Parameterized queries,MITIGATION_STRATEGY
Prepared statements,MITIGATION_STRATEGY
Stored procedures,MITIGATION_STRATEGY
Least privilege principle,MITIGATION_STRATEGY
Access control,MITIGATION_STRATEGY
Authentication,MITIGATION_STRATEGY
Authorization,MITIGATION_STRATEGY
Multi-factor authentication,MITIGATION_STRATEGY
MFA,MITIGATION_STRATEGY
Password hashing,MITIGATION_STRATEGY
Password salting,MITIGATION_STRATEGY
Password policy,MITIGATION_STRATEGY
Session management,MITIGATION_STRATEGY
Secure cookies,MITIGATION_STRATEGY
Secure session storage,MITIGATION_STRATEGY
Hypertext Transfer Protocol Secure,MITIGATION_STRATEGY
HTTPS,MITIGATION_STRATEGY
Secure Sockets Layer,MITIGATION_STRATEGY
SSL,MITIGATION_STRATEGY
Transport Layer Security,MITIGATION_STRATEGY
TLS,MITIGATION_STRATEGY
SSL/TLS,MITIGATION_STRATEGY
Certificate pinning,MITIGATION_STRATEGY
Content Security Policy,MITIGATION_STRATEGY
CSP,MITIGATION_STRATEGY
Same-origin policy,MITIGATION_STRATEGY
CORS,MITIGATION_STRATEGY
Cross-Origin Resource Sharing,MITIGATION_STRATEGY
X-Content-Type-Options header,MITIGATION_STRATEGY
X-Frame-Options header,MITIGATION_STRATEGY
X-XSS-Protection header,MITIGATION_STRATEGY
X-Content-Security-Policy header,MITIGATION_STRATEGY
Rate limiting,MITIGATION_STRATEGY
Web Application Firewall,MITIGATION_STRATEGY
WAF,MITIGATION_STRATEGY
Intrusion Detection System,MITIGATION_STRATEGY
IDS,MITIGATION_STRATEGY
Intrusion Prevention System,MITIGATION_STRATEGY
IPS,MITIGATION_STRATEGY
Security Information and Event Management,MITIGATION_STRATEGY
SIEM,MITIGATION_STRATEGY
Logging and monitoring,MITIGATION_STRATEGY
Security audits,MITIGATION_STRATEGY
Vulnerability scanning,MITIGATION_STRATEGY
Penetration testing,MITIGATION_STRATEGY
Security training,MITIGATION_STRATEGY
Patch management,MITIGATION_STRATEGY
Regular software updates,MITIGATION_STRATEGY
Backup and recovery,MITIGATION_STRATEGY
Incident response plan,MITIGATION_STRATEGY
Secure development lifecycle,MITIGATION_STRATEGY
SDLC,MITIGATION_STRATEGY
Security by design,MITIGATION_STRATEGY
