MDN Web Docs,LEARNING_RESOURCE
W3Schools,LEARNING_RESOURCE
Open Web Application Security Project,LEARNING_RESOURCE
OWASP,LEARNING_RESOURCE
OWASP Top Ten,LEARNING_RESOURCE
OWASP Cheat Sheets,LEARNING_RESOURCE
Stack Overflow,LEARNING_RESOURCE
StackOverflow,LEARNING_RESOURCE
GitHub,LEARNING_RESOURCE
GitHub Gist,LEARNING_RESOURCE
GitHub Repository,LEARNING_RESOURCE
PortSwigger,LEARNING_RESOURCE
PortSwigger Web Security Academy,LEARNING_RESOURCE
HackerOne,LEARNING_RESOURCE
HackerOne CTF Writeups,LEARNING_RESOURCE
CTFtime,LEARNING_RESOURCE
CTFtime Writeups,LEARNING_RESOURCE
Google Developers,LEARNING_RESOURCE
Microsoft Developer Network,LEARNING_RESOURCE
MSDN,LEARNING_RESOURCE
YouTube Tutorials,LEARNING_RESOURCE
Pluralsight,LEARNING_RESOURCE
Coursera,LEARNING_RESOURCE
Udemy,LEARNING_RESOURCE
Udacity,LEARNING_RESOURCE
edX,LEARNING_RESOURCE
LinkedIn Learning,LEARNING_RESOURCE
Codecademy,LEARNING_RESOURCE
FreeCodeCamp,LEARNING_RESOURCE
Medium Articles,LEARNING_RESOURCE
Medium,LEARNING_RESOURCE
Infosec Blogs,LEARNING_RESOURCE
Documentation,LEARNING_RESOURCE
Technical Documentation,LEARNING_RESOURCE
API Documentation,LEARNING_RESOURCE
Whitepapers,LEARNING_RESOURCE
Research Papers,LEARNING_RESOURCE
Online Forum,LEARNING_RESOURCE
IRC Channel,LEARNING_RESOURCE
Discord,LEARNING_RESOURCE
Discord Channel,LEARNING_RESOURCE
Wikipedia,LEARNING_RESOURCE
